Air temperature [K],Process temperature [K],Rotational speed [rpm],Torque [Nm],Tool wear [min],Type,y_true,proba,pred
303.7,312.1,1363,51.8,90,L,1,0.1518102453102453,0
300.8,312.4,1465,59.1,91,L,1,0.11082828282828283,0
297.8,308.9,1871,25.6,200,L,1,0.0,0
299.7,309.3,1399,41.9,221,M,1,0.04376456876456876,0
300.6,309.4,1380,47.6,246,H,1,0.28658319920819914,0
301.4,309.9,1259,63.9,20,L,1,0.2804775132275133,0
302.2,311.3,1530,37.3,207,L,1,0.06282539682539681,0
297.0,307.8,1385,56.4,202,L,1,0.12238888888888887,0
298.1,308.6,1354,53.9,207,L,1,0.32279365079365085,0
301.4,310.7,1368,63.7,92,M,1,0.2656111111111112,0
298.0,308.2,1348,58.8,202,L,1,0.3274404761904762,0
303.4,311.7,1353,44.1,192,M,1,0.3112414622414623,0
300.6,310.3,1648,30.5,217,L,1,0.03181944444444444,0
300.7,309.6,1996,19.8,203,M,1,0.05164010989010989,0
297.2,308.1,1431,49.7,210,L,1,0.1195820105820106,0
297.7,308.5,1373,56.7,203,L,1,0.31557936507936507,0
302.1,310.7,1294,62.4,101,H,1,0.3247358815934668,0
303.6,312.2,1371,54.6,112,H,1,0.18793840418840424,0
300.3,311.7,1374,47.9,222,M,1,0.13186029711029712,0
298.4,309.6,1710,27.3,163,L,1,0.003611111111111111,0
298.4,308.0,1416,38.2,198,M,1,0.0045370370370370365,0
302.0,310.8,1615,29.0,235,L,1,0.16835195360195365,0
